TSS_ID	A549	Bj	H1hesc	Hepg2	Hsmm	K562	Nhek	Sknshra	Ag04450	Gm12878	Helas3	Hmec	Huvec	Mcf7	Nhlf
ENST00000400754	1.560234	1.2434045	0	8.975175	NaN	18.3978	3.14992	18.8295	0.03957145	2.273775	0.611843	NaN	0.0974296	6.384715	NaN
ENST00000416067	1.560234	1.2434045	0	8.92384	NaN	18.3978	3.14992	18.8679	0.03957145	2.273775	0.611843	NaN	0.0974296	6.359125	NaN
ENST00000470054	0	0	0.02982585	0	NaN	11.09465	0	0	0	0	0	NaN	0	6.45332	NaN
ENST00000474011	0	0	0.02982585	0	NaN	12.33945	0	0	0	0	0	NaN	0	7.587425	NaN
ENST00000428809	0.5068785	0.1334623	3.544295	0.6938775	NaN	5.376825	0.4525865	0.8826745	0.63474	26.63655	6.4749	NaN	0.4123345	1.1934085	NaN
ENST00000448463	0.5068785	0.1334623	3.544295	0.6938775	NaN	5.376825	0.4525865	0.8826745	0.63474	26.63655	6.4749	NaN	0.4123345	1.1934085	NaN
ENST00000544452	82.3304	122.712	14.30475	30.3711	NaN	11.96662	5.068615	89.3533	65.9614	6.29892	17.86155	NaN	17.11605	21.13525	NaN
ENST00000285667	59.10685	93.9889	9.247485	23.5486	NaN	9.333845	3.808495	70.7019	48.0173	4.81777	12.1706	NaN	11.47165	14.67835	NaN
ENST00000463807	0	0	0	0	NaN	4.005285	0	0	0	0.658074	0	NaN	0.1954921	0	NaN
ENST00000493640	0	0	0.0267436	0	NaN	446.5995	0	0	0	34.50945	0.0252246	NaN	9.90235	0	NaN
ENST00000400564	0	0	0.0267436	0	NaN	386.9565	0	0	0	34.86635	0.0252246	NaN	9.57985	0	NaN
ENST00000400566	0	0	0.0267436	0	NaN	353.894	0	0	0	33.8375	0.0252246	NaN	9.312715	0	NaN
ENST00000455253	0	0	0	0	NaN	26.2468	0	0	0	0.03126025	0	NaN	0	0	NaN
ENST00000318948	2.84448	0.5828215	0.19028735	1.359535	NaN	0.218587	0.6638105	0	1.142215	0.317758	0.2434465	NaN	0.3645695	2.76839	NaN
ENST00000400202	5.67916	4.920145	2.1908	21.60465	NaN	6.199885	13.46425	0.375552	5.539665	3.85386	3.37306	NaN	5.624325	38.72335	NaN
ENST00000419952	0.0442981	0.1757063	0	0	NaN	0	0	0	0.301861	0	2.28195	NaN	0.847919	0	NaN
ENST00000445461	1.19095	0.1824355	0	0	NaN	0	0	0	0.0636335	0	3.94188	NaN	0.5575295	0	NaN
ENST00000435697	0.2583391	0	0	0	NaN	0	0.0271501	7.9482	0.079143	0.1163395	3.008965	NaN	9.78343	2.667205	NaN
ENST00000453910	0.1156451	0	0	0.0265183	NaN	0	0.0543	0.57018	0	0	5.9532	NaN	10.602915	1.118985	NaN
ENST00000440664	0	0	0.02982585	12.8896	NaN	0	0	0	0	0	0	NaN	0	0	NaN
ENST00000400166	10.177195	0	436.759	199.3505	NaN	0.12035735	121.065	10.322165	0.373249	0.05816965	135.3345	NaN	11.8343	1.49005	NaN
ENST00000339775	3.004425	5.95308	2.27103	2.55656	NaN	3.57585	3.32403	3.580055	6.108375	5.50791	3.94325	NaN	2.40915	1.357453	NaN
ENST00000464058	5.65211	8.66456	3.899215	3.811725	NaN	4.86793	5.500535	6.83664	9.67086	8.88771	9.290085	NaN	5.064725	1.918115	NaN
ENST00000457956	3.74024	4.51565	2.941615	3.38643	NaN	2.746085	3.69417	5.060315	5.53031	5.09363	8.784615	NaN	3.91583	1.3621015	NaN
ENST00000348354	3.56305	4.25546	2.77807	3.030485	NaN	2.71759	3.508105	4.969855	5.39529	4.68209	8.034525	NaN	3.577675	1.3109225	NaN
ENST00000493464	8.663985	31.2802	24.46565	1.940535	NaN	11.0534	22.10175	23.28265	29.29805	51.4597	11.69324	NaN	4.383525	8.509975	NaN
ENST00000284881	8.442495	30.59945	23.32195	1.81475	NaN	10.94245	21.5909	22.5494	28.88525	49.6703	11.626415	NaN	4.214445	8.29942	NaN
ENST00000424219	0	0	0	0	NaN	0	0	0	0	5.57639	0	NaN	0	0	NaN
ENST00000400546	0	0.0422444	0.053487	0	NaN	0	0	8.673295	0.373249	0.03126025	0	NaN	0.071648	0.828202	NaN
ENST00000284894	0	0.1334623	0	0	NaN	0	0	6.01017	0.29410595	0	0	NaN	0.0238826	0.5443725	NaN
ENST00000535285	0	0	0	0	NaN	62.70125	0	0	0	0.6754775	0	NaN	0	0	NaN
ENST00000508782	0	0	0	0	NaN	63.0529	0	0	0	0.6754775	0	NaN	0	0	NaN
ENST00000486367	0	0	0	0	NaN	0.056994	0	0.04523115	0	0	0.449545	NaN	0	5.69388	NaN
ENST00000262354	0	0	59.28325	0	NaN	0	0	0	0	0	0	NaN	0.071648	0	NaN
ENST00000535533	0	0	0.02982585	0	NaN	0.12035735	0	0	0.460147	2.022885	4.873045	NaN	0.02451565	0	NaN
ENST00000423581	0	0	0.02982585	0	NaN	0.12035735	0	0	0.4205755	2.022885	4.89827	NaN	0.02451565	0	NaN
ENST00000415182	0	0	0.02982585	0	NaN	0.12035735	0	0	0.3887585	1.9109	4.61317	NaN	0.02451565	0	NaN
ENST00000465390	0	0	0	0	NaN	0	0	0	0	7.727865	0	NaN	0	0	NaN
ENST00000419219	16.5455	15.4816	21.85195	7.791765	NaN	27.4582	13.6979	17.21495	12.2921	26.95205	21.62065	NaN	9.36396	11.566815	NaN
ENST00000352957	16.7325	15.48835	21.709	7.74043	NaN	27.62275	13.5893	17.21495	12.2603	26.41625	21.5954	NaN	9.389095	11.381895	NaN
ENST00000312957	0.0442981	0.407115	4.37126	0	NaN	0	0	8.523895	2.18202	15.9535	0	NaN	0.2419915	0.102358	NaN
ENST00000425221	0	0.0422444	9.29081	0	NaN	0	0	2.94136	0.7456995	12.91285	0	NaN	0.07228085	0	NaN
ENST00000284971	12.97265	9.61037	10.5599	3.40004	NaN	30.5016	7.687735	19.0063	13.2929	10.60509	18.33555	NaN	11.08211	5.3891	NaN
ENST00000400099	3.917435	15.58365	13.0212	2.48381	NaN	17.41115	3.363135	33.59515	19.731	4.335815	6.20545	NaN	30.1914	2.6742	NaN
ENST00000457143	3.917435	15.6259	13.0212	2.508625	NaN	17.43965	3.363135	33.64035	19.731	4.335815	6.20545	NaN	30.1914	2.6742	NaN
ENST00000400075	5.54392	8.873915	15.78695	4.15306	NaN	15.19785	7.09966	7.849555	8.214445	20.20675	17.70905	NaN	12.4724	6.19047	NaN
ENST00000487266	5.65956	9.04962	16.2899	4.28565	NaN	15.5083	7.36817	7.96057	8.349465	20.61395	18.0753	NaN	12.71305	6.298645	NaN
ENST00000400090	3.07342	7.87725	3.029005	2.387945	NaN	8.80216	4.174905	7.81524	10.28235	4.15421	13.69575	NaN	6.94167	7.00479	NaN
ENST00000400087	3.162015	7.86379	3.088655	2.387945	NaN	8.80216	4.22921	7.86732	10.4251	4.15421	13.914	NaN	6.747445	6.84541	NaN
ENST00000400093	2.709235	6.07981	2.71325	2.02519	NaN	7.560395	3.516075	6.37336	8.69546	3.64809	12.11465	NaN	5.248365	5.33792	NaN
ENST00000456209	5.801855	4.474525	3.69034	5.375895	NaN	0	5.517215	5.77031	4.91884	0.5096705	0.900264	NaN	3.271	2.00649	NaN
ENST00000491395	35.03975	36.7675	30.428085	13.3917	NaN	0	100.83125	22.908265	52.53475	5.232525	16.48355	NaN	60.30775	15.128575	NaN
ENST00000415997	35.18245	36.81645	30.48468	13.4431	NaN	0	100.9934	22.908265	52.56655	5.232525	16.51425	NaN	60.38065	15.128575	NaN
ENST00000448850	0.853814	1.04564	2.04575	2.53174	NaN	0	4.277275	1.51591	1.6823	0.2413805	0.930964	NaN	2.811535	0.60485	NaN
ENST00000346798	0.7554185	2.15371	4.46183	3.26505	NaN	0	15.83555	2.84678	2.55607	0.5729945	1.4190305	NaN	18.339	2.2891125	NaN
ENST00000474136	40.46095	86.42005	159.501	62.26295	NaN	0	418.769	124.47175	103.09495	24.8194	173.142	NaN	476.1345	39.53215	NaN
ENST00000354192	40.6652	86.82055	160.5795	62.46825	NaN	0	422.268	124.80195	103.54735	25.05645	173.467	NaN	476.7845	39.8555	NaN
ENST00000452232	41.48215	87.58375	163.7205	63.03635	NaN	0	422.864	125.61245	103.72955	25.48185	174.7165	NaN	470.481	40.2673	NaN
ENST00000357903	41.77495	86.0956	164.431	62.55635	NaN	0	414.7575	124.21845	101.47535	25.07385	172.722	NaN	446.5445	39.8683	NaN
ENST00000359726	22.247	41.8958	74.3955	25.59765	NaN	0	164.4755	60.53635	49.0236	12.3866	43.85245	NaN	119.6395	22.09485	NaN
ENST00000448388	0.071347	0.1334623	1.625105	0.0513353	NaN	0	3.94823	0.09731365	0.03181685	0	0.1063737	NaN	0.19296	0.13376855	NaN
ENST00000357401	0	7.42976	0.0596515	0	NaN	0	7.49669	0.51397465	8.16552	0.3577195	0.4397685	NaN	0.3626705	0.072119	NaN
ENST00000400043	0	0	10.86144	0	NaN	0	0.292674	0	0	0	0	NaN	6.572035	0	NaN
ENST00000299340	0	0	19.48875	0	NaN	0	4.89003	0	0	0	0	NaN	20.5528	0	NaN
ENST00000517777	0	0.322626	0	0	NaN	0	0.2122205	0.04523115	0.1745935	0	2.173228	NaN	0.073547	0	NaN
ENST00000284984	0.2928375	1206.405	16.15305	0.074451	NaN	0	365.38	80.05225	651.19	0	318.384	NaN	12.6503	0.0360596	NaN
ENST00000303775	30.20925	32.96285	13.232	3.40004	NaN	22.444	9.650025	54.3408	32.56485	11.9125	10.521215	NaN	7.4546	9.723195	NaN
ENST00000486719	18.93445	41.82855	8.60044	10.16298	NaN	23.9299	16.39895	45.3921	36.3607	15.64215	42.74005	NaN	16.9157	21.25505	NaN
ENST00000286777	18.93445	41.3725	8.51099	10.06201	NaN	23.68285	16.2652	45.23585	36.11475	15.42255	41.9802	NaN	16.6731	21.1166	NaN
ENST00000471269	18.89015	40.5074	8.45134	9.93624	NaN	23.2614	15.704	44.815	35.49625	15.0917	41.11395	NaN	15.99235	20.6909	NaN
ENST00000493196	16.4369	31.10635	6.569125	8.37646	NaN	17.16345	11.50821	37.4891	28.93395	11.18485	31.89545	NaN	11.72505	17.10475	NaN
ENST00000399975	43.27485	45.2997	11.26965	17.35985	NaN	23.84035	10.499625	36.39675	39.5561	20.61345	31.0955	NaN	15.9071	21.7169	NaN
ENST00000334352	63.2058	67.24465	15.4054	21.58225	NaN	36.99815	15.47585	52.17935	56.15155	28.9856	50.12615	NaN	24.82455	31.1051	NaN
ENST00000399973	65.2235	70.07615	15.97725	21.83215	NaN	38.9909	16.09235	54.20925	57.9681	29.79555	51.8039	NaN	25.86545	31.76345	NaN
ENST00000535828	67.07895	76.36235	15.6913	21.82875	NaN	43.62245	16.86975	57.26435	59.32285	28.24955	50.84985	NaN	26.99615	30.64795	NaN
ENST00000432178	6.19074	4.170215	5.55405	2.95093	NaN	10.715125	2.79896	2.87006	2.864085	5.288285	4.592445	NaN	2.05661	2.58227	NaN
ENST00000431234	39.8321	48.6037	44.9975	19.42925	NaN	66.44735	30.8404	39.75735	47.1155	43.5085	44.41445	NaN	31.19125	31.81095	NaN
ENST00000470450	441.9025	345.216	660.029	234.1825	NaN	1395.795	340.1135	354.5715	339.441	500.2035	545.7335	NaN	362.893	271.165	NaN
ENST00000540844	443.681	345.892	659.073	232.972	NaN	1400.755	339.998	355.0055	339.0675	499.331	544.8905	NaN	359.776	271.379	NaN
ENST00000286788	0.4527805	0.5895505	1.208535	0.154006	NaN	3.272435	0.643633	0.0904625	0.761209	0.8951035	0.917862	NaN	0.533647	0.518783	NaN
ENST00000399926	0.071347	36.3024	0	0	NaN	0.03486635	1.598125	2.53974	75.55585	0.03126025	0.0306997	NaN	0.02451565	0.0360596	NaN
ENST00000470800	0.1156451	13.87745	0	0.0778535	NaN	0	38.30365	0.938883	11.60525	0	0.341021	NaN	13.89475	0	NaN
ENST00000286800	20.2924	43.82225	11.56354	2.29478	NaN	17.43895	12.88515	29.17225	44.6487	7.265245	12.864145	NaN	5.438795	3.95023	NaN
ENST00000399921	0.612724	9.18497	0.42273	2.13467	NaN	0.6400025	1.065085	2.842655	16.0538	0.434097	1.531855	NaN	0.487781	0.072119	NaN
ENST00000390689	0	0	0	0	NaN	0	3.08142	0	0	0.05816965	0	NaN	0	0.0872386	NaN
ENST00000455508	0	0.0979465	2.295685	0	NaN	0	3.53127	3.125015	0.769762	6.912685	0	NaN	0	0.621141	NaN
ENST00000433071	0	0	1.362835	0	NaN	0	0.2092315	0.330321	0	1.82227	0	NaN	0	2.748585	NaN
ENST00000270142	211.716	280.671	180.294	21.62235	NaN	855.337	141.004	419.089	981.477	196.189	526.4155	NaN	191.1965	80.4995	NaN
ENST00000389995	2843.725	2714.265	1705.885	388.4925	NaN	5559.885	2204.34	2935.15	3416.935	1948.705	2620.535	NaN	1508.58	1357.2805	NaN
ENST00000476106	2847.99	2722.595	1762.365	392.6475	NaN	5555.315	2207.6	2910.345	3343.8	1980.585	2610.495	NaN	1512.095	1371.188	NaN
ENST00000535823	2800.92	2671.27	1737.165	390.5135	NaN	5400.855	2188.08	2821.675	3134.92	1939.89	2501.79	NaN	1483.07	1356.2645	NaN
ENST00000470944	2799.88	2667.745	1742.07	390.3835	NaN	5382.695	2188.55	2815.925	3047.48	1938.1	2454.94	NaN	1478.79	1356.287	NaN
ENST00000286835	4.6701	3.675625	30.30195	13.56885	NaN	15.7497	11.874615	5.63735	5.97974	18.86725	10.39801	NaN	12.544915	11.45614	NaN
ENST00000434667	4.483115	3.23299	28.16255	12.3402	NaN	14.99265	11.370715	5.24124	5.4319	18.3473	8.41092	NaN	10.90697	10.937365	NaN
ENST00000290130	1.3140425	0.7940415	16.8887	11.53655	NaN	14.86797	2.54266	1.230821	0.6983735	5.70304	7.736325	NaN	4.71915	13.823125	NaN
ENST00000382751	6.461625	6.675335	12.51205	10.7668	NaN	22.89035	15.66395	12.06424	6.168245	17.46055	12.669	NaN	14.1177	15.28995	NaN
ENST00000534991	0.9596575	0.6385235	0.36616	2.96114	NaN	2.82521	0.5340365	4.4463	0.5005165	0.8733475	0.4419195	NaN	1.35642	5.41228	NaN
ENST00000300255	0.3371355	0.0422444	0.0267436	0.0513353	NaN	0	0.978656	0.0904625	0	0	2.187695	NaN	1.278438	0.02558955	NaN
ENST00000401402	2.504995	0.393657	0.5595305	0.024817	NaN	0	2.92899	0	0.2855535	0	18.41965	NaN	8.75107	0.102358	NaN
ENST00000382699	3.07342	0.533848	0.672669	0.024817	NaN	0	3.061755	0	0.325125	0	19.5536	NaN	9.305395	0.102358	NaN
ENST00000481638	1.68803	0.266924	0.279765	0	NaN	0	0.37014	0	0.15053135	0	6.31104	NaN	2.961615	0.02558955	NaN
ENST00000431599	1.14665	0.73647	5.516065	1.85488	NaN	1.549215	0.39729	0.914204	0.5633515	0.711893	0.7862645	NaN	0.314905	1.5481855	NaN
ENST00000431216	1.6511795	0.8142305	4.08433	2.189405	NaN	3.335135	2.032525	1.55702	0.540088	0.962778	1.69533	NaN	1.114425	2.4008	NaN
ENST00000440966	17.86895	18.25515	197.5615	39.25635	NaN	268.0025	117.0845	37.81825	16.1511	103.9788	207.806	NaN	84.96935	63.9529	NaN
ENST00000458138	78.4635	32.666	155.7245	95.3934	NaN	205.8225	71.0267	73.24325	38.45415	70.0106	42.36815	NaN	71.87215	101.1563	NaN
ENST00000382549	80.33855	33.9853	157.7255	96.89555	NaN	213.7395	70.9674	74.17115	39.7864	75.2633	44.3245	NaN	73.8514	104.86775	NaN
ENST00000290155	2.59359	1.90884	11.7655	7.637755	NaN	8.838015	1.674595	2.36433	2.531205	4.80713	7.499525	NaN	4.157185	3.22201	NaN
ENST00000429236	1.0333575	3.0629	0.425812	0.3807615	NaN	1.69472	0.686976	3.215475	2.436555	1.490655	4.13507	NaN	2.338135	2.30661	NaN
ENST00000290178	0.8267655	0.2871109	1.488305	1.10286	NaN	2.43932	1.307445	0.7963355	0.865213	3.70191	2.495865	NaN	2.297335	1.1178115	NaN
ENST00000331923	0.7997165	0.700955	18.0087	2.518835	NaN	7.054135	2.355595	1.122533	0.746499	2.574125	10.820005	NaN	3.966125	4.05252	NaN
ENST00000382377	0.2485395	0.358142	0.1460471	1.197025	NaN	0.7348825	0.269509	2.547985	0.245982	0.698036	0.1315982	NaN	0.486515	0.339656	NaN
ENST00000453404	0.3371355	0.4003865	0.3455815	1.35103	NaN	0.896475	0.323809	3.236035	0.2855535	0.9706765	0.2631965	NaN	0.486515	0.792142	NaN
ENST00000382378	0.3371355	0.4003865	0.3455815	1.35103	NaN	0.896475	0.323809	3.236035	0.2855535	0.9706765	0.2631965	NaN	0.486515	0.792142	NaN
ENST00000491756	0.2928375	0.533848	0.375407	1.297995	NaN	0.896475	0.296659	3.618435	0.31737	0.943767	0.3498205	NaN	0.486515	0.792142	NaN
ENST00000477513	0.2928375	0.5760925	0.521454	1.35103	NaN	0.9947025	0.322813	4.14338	0.42833	0.9394165	0.467144	NaN	0.5103975	0.9770855	NaN
ENST00000382264	3.107915	4.01919	2.155805	3.081825	NaN	2.4866	1.625275	4.18037	2.55367	6.52016	1.8105	NaN	5.121355	1.787825	NaN
ENST00000404220	3.24081	4.32163	2.24528	3.081825	NaN	2.613325	1.706725	4.38185	2.672385	6.784095	1.835725	NaN	5.289795	1.813415	NaN
ENST00000382241	4.06758	4.81323	2.444815	3.57206	NaN	2.879515	1.97524	4.861565	3.0689	8.842595	2.17127	NaN	5.866145	2.37873	NaN
ENST00000342136	3.94448	4.475275	2.078655	2.641215	NaN	2.36959	1.759035	3.56223	2.743775	9.388675	2.31597	NaN	6.315025	2.58809	NaN
ENST00000420068	3.597545	3.67451	1.769065	2.331505	NaN	2.059145	1.598125	2.224515	2.014385	8.596865	2.03635	NaN	5.785175	2.12514	NaN
ENST00000290200	5.37652	7.872765	2.00051	5.88655	NaN	18.649	13.92632	9.66016	6.74095	22.47815	16.5706	NaN	25.5884	12.497165	NaN
ENST00000539894	0.4257315	1.199288	1.556205	1.84807	NaN	3.50678	1.197845	4.057045	1.420015	6.991475	2.649365	NaN	8.094365	2.317045	NaN
ENST00000270139	0.728369	3.547775	0.13680035	0.278091	NaN	0.37682985	0.826711	0.674345	0.4128205	0.4028365	1.1853625	NaN	0.724075	4.130495	NaN
ENST00000442357	41.9224	64.4132	8.44943	15.60695	NaN	18.90175	20.2147	59.06255	46.37355	22.82135	33.1119	NaN	34.79265	20.37335	NaN
ENST00000381995	6.045695	12.95965	30.61795	55.71745	NaN	32.10015	64.6856	21.8477	18.6775	48.79285	28.5462	NaN	59.8187	11.202515	NaN
ENST00000405436	5.9128	12.12525	29.8085	53.41585	NaN	30.8299	58.7815	21.51055	17.35215	47.35605	27.6843	NaN	59.2398	10.921065	NaN
ENST00000440644	6.264835	14.8431	5.408005	5.35178	NaN	10.43515	7.024185	12.988	9.86709	3.46488	5.293255	NaN	9.514375	12.304295	NaN
ENST00000381964	1.1737	1.9952	1.80406	1.58119	NaN	1.913305	1.22599	2.8221	2.047	0.577346	0.503319	NaN	1.8831	2.344975	NaN
ENST00000402202	6.469075	8.24025	26.53605	4.13845	NaN	6.956565	5.289055	27.3835	7.51983	1.343055	0.7127415	NaN	7.570845	2.097245	NaN
ENST00000381947	6.62902	7.995385	27.0925	3.72096	NaN	7.19091	5.3715	28.09895	7.630795	1.365615	0.7072665	NaN	7.425655	2.082125	NaN
ENST00000361093	383.4335	203.3635	321.8545	47.14685	NaN	597.626	192.8215	244.734	160.593	212.103	356.695	NaN	121.8405	99.0053	NaN
ENST00000381815	363.919	199.263	276.0955	45.1995	NaN	520.8635	173.42	235.351	155.9845	188.412	311.96	NaN	111.9535	89.3043	NaN
ENST00000426819	8.98581	7.78416	10.34703	2.1809	NaN	14.3684	6.07168	9.88358	6.792835	23.7621	10.672375	NaN	3.41239	14.359695	NaN
ENST00000438059	11.023125	9.608515	13.266	2.667735	NaN	19.1746	7.07948	11.29802	8.704015	27.62465	16.63085	NaN	4.84236	16.175425	NaN
ENST00000381831	10.710725	9.670945	13.32565	2.51203	NaN	19.7958	6.683185	11.11712	8.520865	27.4493	16.017825	NaN	4.623615	14.41207	NaN
ENST00000381839	10.860865	9.76889	14.65755	2.613	NaN	21.3578	6.762645	11.5516	9.085015	27.9459	17.1418	NaN	4.792695	13.631575	NaN
ENST00000290239	503.493	496.8635	586.2315	148.0355	NaN	601.8535	244.441	663.747	484.879	314.2	341.3805	NaN	341.858	462.882	NaN
ENST00000381679	503.963	497.3975	586.5175	148.8335	NaN	602.0465	244.5205	664.3765	485.2275	314.343	341.5625	NaN	342.1495	463.3905	NaN
ENST00000492229	503.749	497.3975	586.488	148.807	NaN	601.9895	244.5205	664.286	485.1085	314.312	341.507	NaN	342.125	463.4265	NaN
ENST00000437395	3.506205	2.776905	13.77745	8.25378	NaN	13.283565	2.06192	9.402455	2.587885	7.92734	23.1202	NaN	10.13703	11.83425	NaN
ENST00000432378	6.771315	4.467795	20.73145	11.35772	NaN	31.31235	5.249465	13.67195	5.81986	15.73915	37.2231	NaN	14.9215	17.0942	NaN
ENST00000303071	6.308735	4.158625	19.6072	8.962955	NaN	30.6378	4.93263	12.7057	5.4311	15.1349	35.20865	NaN	14.12765	14.5294	NaN
ENST00000399442	64.46685	115.9675	31.1624	23.808	NaN	49.5106	30.24455	132.7965	90.01465	35.0465	60.29305	NaN	50.0628	42.1796	NaN
ENST00000413017	64.46685	115.9675	31.1624	23.808	NaN	49.5106	30.24455	132.7965	90.01465	35.0465	60.29305	NaN	50.0628	42.1796	NaN
ENST00000417979	64.46685	116.0655	31.1357	23.808	NaN	49.5106	30.24455	132.7965	90.05415	35.0465	60.29305	NaN	50.0628	42.1796	NaN
ENST00000426935	64.46685	116.1565	31.1357	23.78145	NaN	49.5106	30.2717	132.842	90.04645	35.109	60.23165	NaN	50.0628	42.1796	NaN
ENST00000381540	64.46685	116.1565	31.1357	23.78145	NaN	49.5106	30.2717	132.842	90.08595	35.109	60.23165	NaN	50.0628	42.1796	NaN
ENST00000361534	64.33395	115.285	30.8323	23.7566	NaN	49.44725	29.81115	132.063	89.76945	35.0508	59.92135	NaN	49.96665	42.03075	NaN
ENST00000381554	64.26265	115.06	30.71915	23.7318	NaN	49.41235	29.75685	131.9205	89.595	35.01955	59.92135	NaN	49.94215	42.00515	NaN
ENST00000399353	0.70132	1.981745	1.987095	0.364451	NaN	0.170982	0.9353095	1.070453	2.421045	0.2864975	1.219385	NaN	1.281605	0.5967225	NaN
ENST00000444491	7.35739	34.7106	39.5233	3.317085	NaN	3.14538	7.84964	13.37585	27.62755	0.693685	25.95045	NaN	19.8936	6.490675	NaN
ENST00000470742	7.40169	35.0198	40.0324	3.343605	NaN	3.173875	7.903945	13.661	27.88125	0.7249455	26.14345	NaN	20.0149	6.526775	NaN
ENST00000381318	7.57888	35.79365	40.7565	3.343605	NaN	3.237235	8.11716	14.09545	28.6192	0.7562055	26.66655	NaN	20.3757	6.696565	NaN
ENST00000381285	7.55183	36.3054	41.3016	3.240935	NaN	3.22148	8.143315	14.1791	28.89695	0.648568	27.0504	NaN	20.8326	6.588415	NaN
ENST00000399367	8.191605	38.6386	41.81995	3.214415	NaN	3.30697	8.543595	14.47785	30.16645	0.612957	27.86395	NaN	21.392	6.711695	NaN
ENST00000399352	8.600085	41.3856	42.04625	3.186195	NaN	3.348205	8.831285	14.99595	32.1327	0.617308	28.7083	NaN	21.5869	7.01994	NaN
ENST00000399349	8.67143	41.51235	42.0226	3.186195	NaN	3.348205	8.831285	15.0412	32.3073	0.617308	28.6776	NaN	21.63405	6.994355	NaN
ENST00000451686	11.33875	42.61255	24.65175	1.925925	NaN	2.98713	7.68176	14.91095	33.4776	1.194655	16.8905	NaN	15.07765	6.356935	NaN
ENST00000429238	0.3198865	0.1401909	0.4556375	3.23923	NaN	1.2511775	0.37014	0.187776	0.3328795	0.5460855	0.7051155	NaN	0.4858815	1.9610935	NaN
ENST00000484627	163.2945	175.1405	1328.03	288.869	NaN	1339.81	439.808	299.5215	214.8295	663.722	496.4585	NaN	424.1255	210.9945	NaN
ENST00000487374	512.6175	642.405	2308.54	458.837	NaN	4321.315	1202.45	722.4415	835.058	1777.34	1327.625	NaN	1039.16	567.201	NaN
ENST00000488492	2.054565	2.974665	0.3569135	0.0761523	NaN	1.69774	3.7415	1.400775	2.7919	1.513215	2.80521	NaN	3.265935	2.454325	NaN
ENST00000399312	5.843805	4.80874	18.11685	5.094105	NaN	34.19815	15.53715	8.46084	9.35371	19.45605	7.45025	NaN	11.68199	8.530755	NaN
ENST00000477091	11.9044	15.77805	59.5012	17.66175	NaN	62.3573	29.4779	19.06945	27.79375	62.72135	34.41595	NaN	27.9073	26.5147	NaN
ENST00000381151	10.7922	15.94515	57.54085	17.4248	NaN	58.65405	28.11615	17.69335	26.3008	61.92085	35.00585	NaN	27.4491	26.7206	NaN
ENST00000362077	9.074815	14.99255	54.0561	16.0037	NaN	50.60525	24.6382	14.7698	24.07755	56.73265	33.85765	NaN	24.9708	25.32475	NaN
ENST00000481710	83.1842	50.35365	75.8436	41.874	NaN	234.2685	68.4671	77.2261	58.66615	66.0108	167.898	NaN	56.00205	75.8155	NaN
ENST00000399299	87.3106	53.5175	83.35195	43.6109	NaN	246.9275	74.00575	81.9177	62.30535	68.15005	173.475	NaN	60.81225	78.7223	NaN
ENST00000495363	31.1909	20.29365	38.35525	9.7384	NaN	93.1435	31.60735	30.8334	23.07015	18.84065	57.8093	NaN	27.73075	18.4901	NaN
ENST00000399295	0.578226	0.4426305	2.04167	0.1557075	NaN	0.5417725	0.562183	0.420783	0.2537365	0.03126025	2.36192	NaN	0.1206793	0.9642765	NaN
ENST00000450895	0	0.469546	0	0	NaN	0	0.0271501	0.0520825	1.38124	0	2.7915225	NaN	0	0	NaN
ENST00000481448	24.05145	527.5435	0.0596515	10.57845	NaN	0.02849695	13.128215	18.8898	218.524	0.03126025	3.564685	NaN	13.24315	0.53042455	NaN
ENST00000381132	3.102815	13.339455	0.2026165	3.22562	NaN	0.03486635	1.0488945	4.33801	6.346605	0.2908485	0.88599	NaN	0.461366	0.231477	NaN
ENST00000420877	0.142694	0.4493595	0.0863951	2.36653	NaN	0.02849695	0.08045395	0.09731365	0.778314	0	0	NaN	0.02451565	0.2663656	NaN
ENST00000419921	0.2928375	0.14692	1.071735	11.9499	NaN	0.02849695	0.2635315	0.3687005	2.269715	0	0.0559243	NaN	0.145195	0.4199026	NaN
ENST00000358356	1.306595	8.26265	0	4.6528	NaN	7.913715	16.8543	2.04086	5.80891	0.08507925	4.793065	NaN	3.021585	16.861285	NaN
ENST00000325074	0.23129	0.8344155	0	0.621128	NaN	1.4600435	1.7672565	0.1356935	0.5555975	0	0.777465	NaN	0.3601385	2.040205	NaN
ENST00000416754	0	2.52344	0	0	NaN	7.140245	0.562183	1.737945	0.896232	0.769259	0	NaN	0.0490313	0.02558955	NaN
ENST00000482318	0	3.295425	0	0	NaN	9.498105	0.562183	2.69738	1.28499	0.737998	0	NaN	0.0490313	0.02558955	NaN
ENST00000399245	0	3.19748	0	0	NaN	9.79915	0.562183	3.38543	1.35638	0.706738	0	NaN	0.0490313	0.02558955	NaN
ENST00000300305	0	1.837815	0	0	NaN	7.000795	0.403267	4.351715	1.3478225	0.1476	0.0306997	NaN	0.0490313	0.02558955	NaN
ENST00000475045	0	0	0	2.1809	NaN	0	0	0	0	0	0	NaN	0	0	NaN
ENST00000460207	0	0	0	2.23224	NaN	0	0	0	0	0	0	NaN	0	0	NaN
ENST00000399215	1.0310045	0.1757063	1.934695	0.024817	NaN	0.323186	0.615487	2.29715	0.3646965	0.635515	1.827905	NaN	0.3136395	0.75026	NaN
ENST00000442559	8.447195	4.40051	5.2538	1.37755	NaN	3.465875	3.93852	8.48413	2.934675	5.010155	12.436925	NaN	3.022045	6.473125	NaN
ENST00000399205	8.722785	4.358265	5.110835	1.37755	NaN	3.47224	3.913365	8.432045	2.934675	5.041415	12.4117	NaN	3.07044	6.49871	NaN
ENST00000424303	8.08301	5.123515	4.09258	1.379245	NaN	3.275785	3.9587	6.53785	2.81596	4.65244	11.16278	NaN	3.59966	6.595255	NaN
ENST00000399208	8.08301	5.123515	4.09258	1.379245	NaN	3.275785	3.9587	6.53785	2.81596	4.65244	11.10138	NaN	3.59966	6.544075	NaN
ENST00000481477	1.86757	1.76192	0.9966745	0.2053415	NaN	0.5481425	1.66961	0.5838825	0.761209	1.334355	2.21507	NaN	1.52106	1.88202	NaN
ENST00000399212	13.25295	27.8808	61.83615	13.7871	NaN	51.07055	28.23345	43.28965	24.318	72.08395	27.49835	NaN	45.8363	21.79705	NaN
ENST00000332131	13.0487	27.2068	59.11565	13.01195	NaN	50.25955	26.3708	42.04515	23.58005	71.2332	27.07285	NaN	44.19395	20.2512	NaN
ENST00000466328	26.72545	24.55105	22.0794	1.75561	NaN	3.541645	20.06775	20.477	30.3562	4.32357	20.75065	NaN	6.801365	14.18416	NaN
ENST00000439427	52.08505	62.79295	28.0425	4.42675	NaN	6.227395	80.00385	29.1543	87.67225	6.74574	34.3946	NaN	11.3878	36.12811	NaN
ENST00000399191	41.5241	52.56165	20.72145	3.31198	NaN	4.63392	72.7553	19.47915	76.16655	4.915575	28.3415	NaN	8.519195	29.33263	NaN
ENST00000422473	0	0	37.68305	0	NaN	0	0.1579201	0	0	0	0	NaN	0	0	NaN
ENST00000413862	0.0442981	1.32602	0.5327865	0.178823	NaN	0.13309595	1.0710645	0.8552705	0.999436	0	0.0306997	NaN	0.3626705	8.95304	NaN
ENST00000427491	0.0442981	1.32602	0.5327865	0.178823	NaN	0.13309595	1.097218	0.9525835	1.039006	0	0.0306997	NaN	0.3626705	9.00422	NaN
ENST00000453159	0.0442981	1.32602	0.5327865	0.178823	NaN	0.13309595	1.097218	0.9525835	1.039006	0	0.0306997	NaN	0.3626705	9.04028	NaN
ENST00000270190	0.2042415	1.346208	1.3330085	1.6026	NaN	0.545123	1.324632	1.2171205	2.006625	0.818726	0.77199	NaN	1.885	5.33547	NaN
ENST00000400485	12.88875	26.10585	9.746345	22.6335	NaN	24.0526	20.7811	19.81915	19.78255	11.8829	9.17589	NaN	11.31885	13.0114	NaN
ENST00000487909	17.5714	34.28555	11.15753	25.35765	NaN	25.6049	23.7833	22.3945	24.18455	13.2485	10.97975	NaN	15.5684	16.437	NaN
ENST00000314103	19.4703	6.363935	45.3651	9.07855	NaN	48.61555	9.97186	6.65026	5.982705	46.7394	57.75475	NaN	27.1517	25.17725	NaN
ENST00000429588	8.437395	0.5895505	0	0.079555	NaN	0.4150465	2.57453	0.903231	0.658004	0.0625205	0.1929975	NaN	57.14485	3.23482	NaN
ENST00000478313	0	0	0.33017	0	NaN	0	0	0	0	15.33905	0	NaN	0	0	NaN
ENST00000460783	2.933075	0	0	0.0265183	NaN	0	0	0	0.190901	0	2.62844	NaN	0.02451565	1.1934085	NaN
ENST00000427746	4.588955	1.78398	1.161215	1.586295	NaN	2.28712	0.686976	3.67737	2.81596	0.9706765	1.74578	NaN	0.8189725	1.4237515	NaN
ENST00000336648	4.51761	1.73501	1.104645	1.534955	NaN	2.138265	0.660822	3.580055	2.77639	0.9706765	1.71508	NaN	0.7950875	1.3981615	NaN
ENST00000430792	13.3388	11.142755	0.9853435	1.819855	NaN	6.371195	2.680145	20.4619	5.33086	2.01338	8.16143	NaN	2.96858	4.2003415	NaN
ENST00000399103	13.7128	12.32375	1.15813	2.706165	NaN	7.641815	2.94667	21.84485	5.95009	2.483085	8.88845	NaN	3.83785	4.621415	NaN
ENST00000492275	10.5782	31.097	16.91545	46.9957	NaN	31.85705	31.67335	29.6548	48.4324	44.41515	24.83275	NaN	53.22475	35.92935	NaN
ENST00000418766	11.12935	33.96025	19.9569	52.1979	NaN	34.7299	37.35395	31.1639	51.32995	51.60255	28.3771	NaN	68.15105	45.15905	NaN
ENST00000485402	11.08505	33.918	19.9569	52.14655	NaN	34.66655	37.2202	31.1639	51.2981	51.57565	28.3771	NaN	68.0788	45.13345	NaN
ENST00000438055	11.08505	33.8268	19.8468	52.09695	NaN	34.4352	37.1669	30.9761	51.1949	51.34295	28.3464	NaN	67.9833	44.9741	NaN
ENST00000355666	10.8365	33.21035	18.448	51.83855	NaN	31.9389	34.6043	30.2113	49.7174	48.28605	27.54035	NaN	66.1253	44.6356	NaN
ENST00000463216	10.187	32.63795	16.9926	50.67925	NaN	29.51565	33.08165	28.8489	47.6929	45.51135	27.19055	NaN	63.6363	43.48175	NaN
ENST00000540756	9.28141	31.2409	15.0394	49.709	NaN	27.25705	30.6466	27.8264	45.0809	39.2685	25.8724	NaN	60.70535	40.81575	NaN
ENST00000399010	9.68009	32.9778	15.01885	49.91775	NaN	27.28555	30.45855	29.5986	46.9293	39.0758	25.92835	NaN	60.8015	41.7835	NaN
ENST00000440629	2.052215	0.351413	0	5.296045	NaN	4.789475	0.106608	3.54853	1.039806	2.477935	2.28527	NaN	0.1684443	6.681355	NaN
ENST00000492514	6.837965	12.1118	17.8679	10.532565	NaN	8.04917	7.677035	8.42519	8.76069	17.3489	8.434795	NaN	11.7162	13.1289	NaN
ENST00000480452	8.53579	14.8128	26.2866	14.2569	NaN	15.0976	13.58205	12.7673	11.59215	27.3094	12.53605	NaN	19.3912	16.7347	NaN
ENST00000539844	8.651435	15.35335	27.3048	14.66755	NaN	15.9907	14.53155	13.24015	12.1237	28.58995	12.72355	NaN	20.91045	17.18605	NaN
ENST00000488368	8.767085	15.26885	27.43855	14.742	NaN	16.39305	14.6905	13.3375	12.26645	29.0909	12.8716	NaN	21.395	17.16045	NaN
ENST00000498789	9.158315	16.0543	28.56995	15.64295	NaN	17.55235	16.43755	14.005	12.73515	32.29895	13.14575	NaN	23.6797	17.9758	NaN
ENST00000476950	9.086965	16.01205	28.6265	15.5933	NaN	18.11925	16.62165	14.0502	12.5924	33.09595	13.27735	NaN	24.0166	17.74435	NaN
ENST00000399001	9.17556	15.9833	29.09965	15.6943	NaN	18.79415	17.204	14.3038	12.8865	34.34005	13.7916	NaN	25.8802	17.5896	NaN
ENST00000398998	0.649573	0.925635	4.40009	2.05171	NaN	2.797045	4.97148	2.32595	1.039006	1.48985	1.61203	NaN	2.468315	0.928217	NaN
ENST00000399000	0.2583391	1.508455	1.74749	1.84807	NaN	1.69774	0.8770265	1.160915	0.5951685	1.0201445	5.886325	NaN	1.718455	1.278345	NaN
ENST00000288304	0.302637	1.508455	1.437895	1.955845	NaN	1.485524	0.5833565	0.914204	0.4446375	0.8994545	5.09576	NaN	1.33127	1.242285	NaN
ENST00000398948	0	0	0.0267436	0	NaN	34.6514	0	0	0	0.2908485	0	NaN	0	0	NaN
ENST00000328264	0	0	0.0267436	0	NaN	34.47705	0	0	0	0.2908485	0	NaN	0	0	NaN
ENST00000478613	0	0	0	0	NaN	36.8651	0	0	0	0.3446675	0	NaN	0	0	NaN
ENST00000400477	0	0	0	0	NaN	51.4832	0	0	0	0.3759275	0	NaN	0	0	NaN
ENST00000398934	0	0	0	0	NaN	0	5.81737	0	0	1.646955	0.0306997	NaN	0	0	NaN
ENST00000429727	0	0	0	0	NaN	0	0	0	0	0	0	NaN	38.7722	0	NaN
ENST00000398907	0	0	0	0	NaN	0	0	0	0	0	0	NaN	64.0782	0	NaN
ENST00000481609	0	0	0	0	NaN	0	0	0	0	0	0	NaN	69.26	0	NaN
ENST00000453032	0	0	0	0	NaN	0	0	0	0	0	0	NaN	69.58995	0	NaN
ENST00000288319	0	0	0	0	NaN	0	0	0	0	0	0	NaN	68.2661	0	NaN
ENST00000432278	4.17577	2.35147	3.81073	77.1387	NaN	2.92344	19.6084	2.40544	8.454275	1.50371	23.6292	NaN	10.12853	8.898185	NaN
ENST00000380900	21.8287	22.81415	13.87065	5.422535	NaN	34.01345	8.713965	8.00168	16.2107	6.544325	18.29935	NaN	7.40177	31.1331	NaN
ENST00000342449	0.772667	1.425835	2.28644	0.6442435	NaN	1.53011	0.8498765	0.9909655	1.88871	0.4028365	3.555105	NaN	1.49845	4.642245	NaN
ENST00000380800	0.9769105	1.608275	3.256375	1.36294	NaN	2.759155	1.4534115	1.529615	2.23014	1.343055	4.47512	NaN	2.10121	5.24245	NaN
ENST00000380783	0.728369	1.214615	3.878635	1.56658	NaN	3.262715	1.4001065	1.15406	1.71412	1.67467	3.33356	NaN	2.4865	4.38518	NaN
ENST00000341322	0.3469355	0.680768	2.098235	1.43739	NaN	2.280745	1.081276	0.921055	0.587414	1.419435	1.34551	NaN	1.350088	2.118145	NaN
ENST00000470108	0.0442981	0.0422444	0	0	NaN	0	0.264528	0	0	0	0.0559243	NaN	0	3.788495	NaN
ENST00000485550	3.156915	3.424025	32.23935	1.98747	NaN	8.341495	4.50045	3.215475	10.533675	4.07623	6.97059	NaN	12.318655	9.919675	NaN
ENST00000471260	4.12638	4.540695	32.3525	2.345115	NaN	10.023795	4.741815	4.188615	13.833	5.43153	8.055055	NaN	13.854265	11.054975	NaN
ENST00000482192	4.197725	4.58294	32.43575	2.345115	NaN	10.05229	4.822265	4.188615	14.05495	5.52096	8.22283	NaN	13.998845	11.091025	NaN
ENST00000479586	1.348543	0.87666	18.6032	1.646838	NaN	23.39155	7.5901	3.26071	5.563725	8.10185	5.41488	NaN	12.6685	23.6804	NaN
ENST00000380748	14.69321	11.198855	59.6518	9.36216	NaN	59.1131	25.79445	19.3847	20.6643	30.05	42.59005	NaN	49.6418	55.69065	NaN
ENST00000491183	16.40085	11.910255	65.27165	9.824165	NaN	57.36105	24.80185	20.3263	19.2737	29.536	44.91815	NaN	49.90625	50.4749	NaN
ENST00000380749	0.23129	0.358142	2.534295	0.104372	NaN	0.9564895	0.3469745	0.20147915	0.5005165	0.815177	1.13276	NaN	0.793826	1.693632	NaN
ENST00000541890	8.176705	11.11472	6.58055	49.18595	NaN	9.901815	3.78758	11.1253	8.43853	4.95038	9.820165	NaN	16.7018	39.0673	NaN
ENST00000398753	1.1984005	6.502255	1.122145	6.548805	NaN	1.935765	2.10601	2.53701	3.85417	0.30035425	0.6908415	NaN	3.36906	1.695902	NaN
ENST00000442773	0.4355315	2.58288	0.5029605	0.761523	NaN	0.2249565	0.716118	1.52549	1.57054	0.053819	0.0811487	NaN	0.340687	0.440843	NaN
ENST00000380708	2.239205	1.630333	2.175385	5.634975	NaN	7.31429	2.044735	3.59103	1.800215	1.531425	3.5772	NaN	1.0370805	39.72465	NaN
ENST00000466787	2.283505	1.672578	2.345095	5.71453	NaN	7.63412	2.09804	3.59103	1.800215	1.531425	3.71975	NaN	1.0370805	39.8631	NaN
ENST00000438404	1.547685	0.6048815	0.24377485	0.049634	NaN	1.77719	0.592322	3.97616	0.245982	0.394135	1.591105	NaN	0.507865	1.71106	NaN
ENST00000466954	2.08161	0.9832065	0.33017	0.049634	NaN	2.407475	0.8628285	4.928745	0.325125	0.474863	2.144875	NaN	0.726607	2.84633	NaN
ENST00000484878	2.08161	1.123398	0.359996	0.024817	NaN	2.477205	0.8628285	5.17546	0.3569415	0.474863	2.144875	NaN	0.7020915	3.133635	NaN
ENST00000418018	2.12591	1.123398	0.359996	0.024817	NaN	2.477205	0.8889825	5.17546	0.396513	0.474863	2.206275	NaN	0.7020915	3.184815	NaN
ENST00000459939	2.12591	1.123398	0.359996	0.024817	NaN	2.477205	0.8889825	5.17546	0.396513	0.474863	2.206275	NaN	0.7020915	3.184815	NaN
ENST00000426783	2.12591	1.123398	0.359996	0.024817	NaN	2.44871	0.8889825	5.17546	0.396513	0.474863	2.206275	NaN	0.7020915	3.159225	NaN
ENST00000490184	2.170205	1.123398	0.359996	0.024817	NaN	2.44871	0.8889825	5.17546	0.396513	0.474863	2.206275	NaN	0.7020915	3.195285	NaN
ENST00000288350	2.170205	1.123398	0.359996	0.024817	NaN	2.44871	0.8889825	5.17546	0.396513	0.474863	2.206275	NaN	0.7020915	3.195285	NaN
ENST00000448288	2.170205	1.123398	0.359996	0.024817	NaN	2.44871	0.8889825	5.17546	0.396513	0.474863	2.206275	NaN	0.7020915	3.195285	NaN
ENST00000456017	2.170205	1.123398	0.359996	0.024817	NaN	2.44871	0.8889825	5.17546	0.396513	0.474863	2.206275	NaN	0.7020915	3.195285	NaN
ENST00000434281	0.8365635	0.687497	0.1697085	0	NaN	0.937711	0.350959	2.41914	0.2537365	0.223977	0.847664	NaN	0.4123345	1.920425	NaN
ENST00000380637	1.85777	1.657245	1.286685	0.49364	NaN	2.394735	0.8296975	4.709445	1.86465	0.8013225	0.4583445	NaN	0.5549975	3.23017	NaN
ENST00000380634	1.90207	1.69949	1.343255	0.49364	NaN	2.45173	0.8296975	4.799905	1.928285	0.832583	0.4583445	NaN	0.5549975	3.35347	NaN
ENST00000458295	1.90207	1.741735	1.37308	0.5449755	NaN	2.584825	0.8296975	4.89037	1.928285	0.832583	0.4583445	NaN	0.579513	3.52795	NaN
ENST00000329618	0	0.0422444	12.0514	0	NaN	0	0	0.2850895	0	0	0	NaN	0	0.06164915	NaN
ENST00000468717	0	0	1.005922	0	NaN	0	0	0	0	0	0	NaN	0	29.6041	NaN
ENST00000455354	0	0	0	0	NaN	0	0	0	0	0	0	NaN	0	3.807125	NaN
ENST00000347667	0.159943	0.1334623	0.166626	0	NaN	0	1.1918715	0.104165	0.5951685	0	1.300535	NaN	3.078675	0.230306	NaN
ENST00000544566	0.3912335	0.6030085	0.949351	0	NaN	0	11.922965	0.2467105	1.0235	0	3.03771	NaN	9.25385	4.078075	NaN
ENST00000465326	0	0	0	0	NaN	0.03486635	0	0	0	0.4922665	8.388075	NaN	0	0	NaN
ENST00000463674	0	0	0	0	NaN	0	0	0	0	0	8.58262	NaN	0	0	NaN
ENST00000398652	0	0	0.8423775	7.123	NaN	0.02849695	0	0	0	0	0	NaN	0	0	NaN
ENST00000398646	0	0	0	22.92645	NaN	0	0	0	0	0	0	NaN	0	0.0872386	NaN
ENST00000330714	0	0.2179508	0	0.359347	NaN	0	0.318828	0.0520825	0	5.32905	0.050449	NaN	0	0	NaN
ENST00000436410	0	1.0168545	0	0.591207	NaN	0	2.166285	0.0520825	0.13502195	26.4596	0.050449	NaN	0.0238826	0	NaN
ENST00000435611	0	1.0168545	0	0.591207	NaN	0	2.166285	0.0520825	0.13502195	26.21825	0.050449	NaN	0.0238826	0	NaN
ENST00000494252	0	1.0168545	0	0.56639	NaN	0	2.139135	0	0.13502195	25.3952	0.0252246	NaN	0.0238826	0	NaN
ENST00000543692	0	0	0.7415675	11.648	NaN	0	0	0	0	7.25896	0	NaN	0	0	NaN
ENST00000418103	0	0	0.02982585	1.313305	NaN	0	0	0	0	2.461335	0	NaN	0	0	NaN
ENST00000490220	0.1156451	0.0422444	0.577027	0.3559445	NaN	0	0.295663	0.04523115	0.0636335	2.068805	0.835541	NaN	0.1690775	0.702559	NaN
ENST00000398598	0.2214905	1.14359	3.28003	1.48022	NaN	0	71.485	0.674345	0.1427765	168.607	0	NaN	2.365185	0.02558955	NaN
ENST00000455164	0.1771925	1.150313	2.678345	1.246655	NaN	0	75.13185	0.674345	0.1427765	176.1765	0	NaN	2.31425	0.02558955	NaN
ENST00000424365	0.1771925	1.150313	2.678345	1.2449565	NaN	0	75.31595	0.674345	0.1427765	176.808	0	NaN	2.363285	0.02558955	NaN
ENST00000417963	0.1328945	2.31409	3.053755	1.06273	NaN	0	135.6615	0.719576	0.1427765	307.6185	0	NaN	4.150225	0.102358	NaN
ENST00000441677	0.1328945	2.13838	2.357425	0.657151	NaN	0	124.766	0.5386515	0.1427765	297.796	0	NaN	3.8127	0.102358	NaN
ENST00000398585	0	0	4.788915	0.228457	NaN	0	0	0	0	0	0	NaN	0	3.491855	NaN
ENST00000424093	0	0	4.928795	0.228457	NaN	0	0	0	0	0	0	NaN	0	3.676805	NaN
ENST00000463138	0	0	6.374945	0.6639565	NaN	0	0	0	0	0	0	NaN	0	6.847635	NaN
ENST00000497881	0	0	2.20521	0.4851335	NaN	0	0	0	0	0	0	NaN	0	3.93039	NaN
ENST00000332149	0	0	2.20521	0.4851335	NaN	0	0	0	0	0	0	NaN	0	3.93039	NaN
ENST00000352483	0.693871	0.1824355	1.955275	4.30536	NaN	0	8.39241	0.504394	0	0	0.7631905	NaN	0	4.136245	NaN
ENST00000329623	0	0.0912177	0.053487	0.637438	NaN	0	0.1317661	0.20147915	0.0713883	14.67695	0	NaN	0.4104355	0	NaN
ENST00000465968	31.8036	29.57025	29.68145	10.39797	NaN	45.6176	25.9571	28.17865	33.50405	43.42035	67.18525	NaN	17.26205	23.2255	NaN
ENST00000398505	31.8036	29.52125	29.73805	10.39797	NaN	45.61125	25.82735	28.17865	33.4722	44.00635	67.2214	NaN	17.28595	23.36975	NaN
ENST00000398497	31.73225	29.479	29.7113	10.39797	NaN	45.6397	25.27215	28.1334	33.36905	43.9213	67.1907	NaN	17.26145	23.33365	NaN
ENST00000398511	31.73225	29.479	29.7113	10.39797	NaN	45.6048	24.98245	28.08815	33.1789	44.0333	67.1655	NaN	17.26205	23.32315	NaN
ENST00000398457	0.1869921	0.0912177	0	0	NaN	0.0633633	0	0.0904625	0.03181685	0.1206904	3.4778685	NaN	0.0477652	0	NaN
ENST00000489676	0	0	3.052755	2.65653	NaN	0	0	0	0	0.08507925	0.0252246	NaN	0	1.877375	NaN
ENST00000291525	0.071347	0	0	15.18065	NaN	0.02849695	0	0	0	0	0	NaN	2.663805	5.511155	NaN
ENST00000518498	0.071347	0	0	9.365125	NaN	0	0	0	0	0	0	NaN	1.57453	3.20224	NaN
ENST00000291527	0.2755885	0	0	0.099268	NaN	0.03486635	0	0	0	0	2.09012	NaN	0	16.59175	NaN
ENST00000474596	0	0	0.13680035	4.004155	NaN	0	0	0	0	0	0	NaN	0	0.051179	NaN
ENST00000398405	0	0	0	0	NaN	0	0	0	0	0	3.26453	NaN	0	0.051179	NaN
ENST00000433957	0.4084825	0	0	0	NaN	0	0.106608	0	0	0	163.727	NaN	0	0.4873725	NaN
ENST00000398397	0.2042415	0	0	0	NaN	0	0.106608	0	0	0	123.221	NaN	0	0.359425	NaN
ENST00000291535	0	0	0	0	NaN	4.530975	0	0	0	0	0	NaN	0	0	NaN
ENST00000450356	0	0	0	0	NaN	4.530975	0	0	0	0	0	NaN	0	0	NaN
ENST00000319294	0	0	0	0	NaN	4.524605	0	0	0	0	0	NaN	0	0	NaN
ENST00000398352	0.728369	0	0.33017	0	NaN	0.09186035	0.4304175	0.500272	0.03181685	0.08507925	0.167773	NaN	0	5.23556	NaN
ENST00000471277	2.177655	1.383595	7.230555	0.1274875	NaN	3.63417	3.37335	3.98987	0.0713883	21.75465	4.526545	NaN	4.85105	22.7615	NaN
ENST00000352133	0.48963	0.4560885	3.29336	0.1026705	NaN	1.6699035	2.181485	1.543315	0.0713883	8.03531	2.404745	NaN	2.82528	13.08596	NaN
ENST00000398343	2.487745	0.1824355	2.087905	0	NaN	0.47841	1.63225	2.33826	0	9.574615	2.811465	NaN	0.3871865	16.559315	NaN
ENST00000460905	0.4625805	0.0489733	7.46726	5.358585	NaN	0	0.0543	1.0814255	0	0.2552375	0.523068	NaN	0.0974296	1.180635	NaN
ENST00000472401	0.47003	0	24.22115	3.451675	NaN	0	0	4.0913	0	0.2552375	0.2039475	NaN	0.0238826	0.5792605	NaN
ENST00000335512	0.47003	0	24.22115	3.451675	NaN	0	0	4.0913	0	0.2552375	0.2039475	NaN	0.0238826	0.5792605	NaN
ENST00000539837	0.47003	0	24.27775	3.451675	NaN	0	0	4.0913	0	0.2552375	0.2039475	NaN	0.0238826	0.5792605	NaN
ENST00000490803	0.47003	0	24.30755	3.451675	NaN	0	0	4.0913	0	0.2552375	0.2039475	NaN	0.0238826	0.5792605	NaN
ENST00000497805	0.47003	0	25.7547	3.50471	NaN	0	0	4.33116	0	0.3715765	0.2039475	NaN	0.0238826	0.543201	NaN
ENST00000398224	0.4257315	0	24.1831	3.251435	NaN	0	0	3.980285	0	0.3715765	0.2039475	NaN	0.0238826	0.492022	NaN
ENST00000470658	16.8258	5.882045	30.60545	11.26965	NaN	32.7793	19.4201	6.103365	10.43682	20.147	48.9633	NaN	20.04365	24.82235	NaN
ENST00000479429	17.14565	6.10673	31.21845	11.6341	NaN	33.82465	19.6575	6.29799	10.50824	20.648	50.11245	NaN	20.47795	25.67965	NaN
ENST00000330317	17.1014	6.25365	31.78105	11.86765	NaN	34.89545	19.8184	6.395305	10.786005	20.8945	50.81425	NaN	20.8136	26.08095	NaN
ENST00000463902	17.0571	6.25365	31.78105	11.8925	NaN	34.84785	19.8184	6.395305	10.825575	20.92575	50.7331	NaN	20.76525	26.13795	NaN
ENST00000398208	16.9685	6.25365	31.6443	11.86765	NaN	34.7275	19.8184	6.48577	10.793775	20.92575	50.53465	NaN	20.76585	26.05075	NaN
ENST00000476326	16.9685	6.25365	31.5013	11.84115	NaN	34.5659	19.7651	6.48577	10.793775	20.86325	50.27145	NaN	20.6684	26.01465	NaN
ENST00000460259	1.510835	1.615	1.813305	3.240935	NaN	2.10038	1.25115	5.86763	1.277235	1.1764445	1.053764	NaN	0.5568965	5.918245	NaN
ENST00000354250	62.83535	112.79085	65.3891	38.57115	NaN	130.895	69.00485	85.4346	111.5825	36.8844	71.03325	NaN	29.4146	89.08	NaN
ENST00000340344	63.99925	114.8688	67.5347	39.6193	NaN	133.9905	70.1414	86.919	112.8985	37.605	71.3074	NaN	29.8237	91.92515	NaN
ENST00000460740	72.41195	123.425	80.7825	46.01815	NaN	143.83	76.79245	92.37285	119.799	39.4656	74.4225	NaN	31.9759	114.4129	NaN
ENST00000447535	0	0	2.448895	1.141285	NaN	0.085491	0	0	0	0	0.214898	NaN	0	0	NaN
ENST00000291547	0.9326105	2.29091	0.955518	0.364451	NaN	0.5987665	0.1880585	1.654335	4.0063	0.1970675	1.6613	NaN	0.339421	1.1457415	NaN
ENST00000432907	5.54627	12.136435	6.92822	3.710755	NaN	4.711015	7.99635	8.556765	14.7635	3.745415	7.65283	NaN	4.302385	14.74583	NaN
ENST00000398158	2.91818	29.15605	57.9621	25.19945	NaN	7.81416	1.612327	3.3964	10.295655	0	14.18425	NaN	5.035145	25.8947	NaN
ENST00000398168	3.265115	29.36725	55.76935	25.9096	NaN	7.70016	1.638482	3.3964	10.15286	0	14.36085	NaN	5.275235	25.69925	NaN
ENST00000465732	3.265115	28.70665	53.3255	25.65805	NaN	7.678045	1.638482	3.3964	10.01012	0	14.19305	NaN	5.202955	24.78615	NaN
ENST00000380276	194.058	147.9805	575.665	44.7679	NaN	622.7665	197.551	154.1875	221.3715	304.309	364.2325	NaN	383.6815	371.1485	NaN
ENST00000486519	188.8415	146.4165	569.2205	43.3639	NaN	614.6555	195.5065	151.7055	219.126	301.9765	359.72	NaN	379.4865	366.2085	NaN
ENST00000398137	177.1655	138.4775	526.3195	41.8272	NaN	575.8765	190.002	137.3305	206.779	293.2825	341.158	NaN	368.8665	348.082	NaN
ENST00000291552	123.8025	102.15465	373.723	38.81815	NaN	450.397	156.563	96.3653	162.0115	243.6605	276.631	NaN	323.635	283.7915	NaN
ENST00000398132	0	0	0	4.102425	NaN	0	0	0	0	0	0	NaN	0	0	NaN
ENST00000270162	123.182	2.76046	1.88429	7.51708	NaN	0.776118	33.18625	0.72230615	5.62896	2.528205	82.5753	NaN	3.49716	10.611935	NaN
ENST00000448049	0.4084825	0	0	0	NaN	0	0.1629005	0	0	0	5.38379	NaN	0	0.2768355	NaN
ENST00000291560	0.994158	0.7095545	0.342499	0.6391395	NaN	0.2534535	0.2132165	0.49342	0.8085345	0.125041	1.694155	NaN	0.1690775	2.00766	NaN
ENST00000340648	17.8031	9.27133	55.4941	37.0633	NaN	24.6551	26.06	8.031815	10.776655	17.186	35.11615	NaN	30.28605	30.29155	NaN
ENST00000398081	27.24365	12.64185	10.457295	32.76525	NaN	11.574065	17.8372	5.83064	13.00065	19.1067	23.55275	NaN	8.505435	91.48285	NaN
ENST00000468090	27.24365	12.69085	10.590995	32.81485	NaN	11.700795	17.8905	5.83064	13.00065	19.1605	23.57795	NaN	8.553835	91.50835	NaN
ENST00000291565	27.47495	12.9712	11.16593	33.5003	NaN	12.217075	18.85295	5.927955	13.2148	19.8594	24.19095	NaN	9.05982	92.6158	NaN
ENST00000463355	34.40895	17.0319	21.6129	41.76425	NaN	17.5453	37.17635	7.050485	18.90045	28.8041	35.079	NaN	12.1089	116.89375	NaN
ENST00000398085	28.19355	15.1672	19.63705	33.61145	NaN	15.6102	32.9601	6.28568	16.8208	24.7271	30.51495	NaN	9.81473	93.14365	NaN
ENST00000476084	28.01635	15.06925	19.5208	33.37955	NaN	15.4486	32.24	6.2336	16.8208	24.4093	29.6004	NaN	9.717945	92.76945	NaN
ENST00000470029	3.34391	3.216545	6.221645	5.731545	NaN	2.15737	10.654555	0.9279055	4.239965	3.726075	4.72639	NaN	2.50152	13.840625	NaN
ENST00000327574	0.2485395	0.7297415	7.61222	1.152495	NaN	3.006905	0.265524	11.245935	1.44407	2.895435	0.0306997	NaN	0.2684062	0.02558955	NaN
ENST00000472777	0.2485395	0.687497	7.55565	1.202125	NaN	2.76619	0.2393705	11.012955	1.45183	2.806	0.0306997	NaN	0.2684062	0.02558955	NaN
ENST00000476313	0.2485395	0.7854435	7.24298	1.179015	NaN	2.598225	0.2132165	10.87042	1.38044	2.71657	0.0306997	NaN	0.2438907	0.02558955	NaN
ENST00000400399	3.30196	0.4003865	0.5245365	1.35273	NaN	0.6242445	0.5068865	0.49342	1.1499675	0.903806	0.8388645	NaN	0.1703437	1.990195	NaN
ENST00000490666	11.31405	0.0912177	0.3455815	0	NaN	0	0.08045395	0.771659	2.17962	0	0	NaN	0.071648	0.06164915	NaN
ENST00000498150	0.088596	0.0489733	0.1131385	2.378435	NaN	0.3104475	0.158916	0.142545	0	0.228328	0.299371	NaN	0.0490313	4.8480625	NaN
ENST00000291568	0.088596	0.1401909	0.309591	4.921385	NaN	0.4465625	1.4541525	0.0520825	0.5555975	0.080728	0.2577212	NaN	0.1432955	1.081752	NaN
ENST00000497547	6.19584	3.31075	20.71385	9.090755	NaN	29.051	20.1278	3.580055	3.547745	24.80345	28.49755	NaN	19.30485	19.2623	NaN
ENST00000291569	30.75065	21.0178	136.3745	83.6928	NaN	120.5715	82.3307	24.77265	25.90585	150.0885	120.43135	NaN	91.9718	127.1066	NaN
ENST00000400387	30.635	20.9554	137.6005	84.3054	NaN	120.43535	82.40915	24.6753	25.8981	150.997	119.81615	NaN	91.75815	127.0486	NaN
ENST00000291572	1.0776555	2.46475	0.9462705	3.992245	NaN	3.525225	3.988095	3.7363	3.89773	7.062695	2.782135	NaN	9.53917	5.230805	NaN
ENST00000448287	0	0	0.053487	16.7299	NaN	0	0	0	0	0.05816965	0	NaN	0	0	NaN
ENST00000291574	1.085106	1.55743	2.92829	1.54006	NaN	2.25829	3.05054	2.34238	1.698605	4.198525	3.93015	NaN	4.24702	2.999865	NaN
ENST00000291576	2.389345	1.90697	9.70229	3.300075	NaN	5.73657	8.74336	3.086635	2.015975	6.10233	6.91076	NaN	5.255785	4.380535	NaN
ENST00000456705	11.089795	8.73484	43.58975	12.928	NaN	26.69445	43.4894	15.5305	8.466585	28.1686	36.78215	NaN	24.09885	22.59245	NaN
ENST00000291577	4.370215	16.40985	38.13045	17.22825	NaN	33.66875	39.1125	17.9223	18.72105	28.89145	22.28565	NaN	30.08375	33.58435	NaN
ENST00000427803	5.64231	17.45545	46.27975	22.6528	NaN	41.0712	42.3421	22.04925	20.25285	34.83235	27.34855	NaN	34.7091	45.0126	NaN
ENST00000493883	7.78312	20.4148	58.3435	35.55695	NaN	56.6717	46.12275	29.0682	22.8081	41.79685	32.49575	NaN	41.4891	62.929	NaN
ENST00000348499	4.46116	6.263365	33.142	28.6172	NaN	34.72925	17.2571	16.3502	7.80858	20.55225	17.23485	NaN	19.6969	40.26915	NaN
ENST00000423967	0	0	0	0	NaN	0	0	0	0	2.92234	0	NaN	0	0	NaN
ENST00000400379	0.1328945	0.3715995	0.9411005	1.42208	NaN	0.529034	1.628265	0.04523115	0.03181685	4.49888	1.606555	NaN	0.652427	2.14842	NaN
ENST00000400377	0.4355315	0.505062	1.220865	1.549565	NaN	0.5923975	2.02954	0.09731365	0.03181685	5.156955	1.9816	NaN	0.9673325	2.452015	NaN
ENST00000349048	7.68433	21.29705	36.33685	82.4054	NaN	27.5393	53.15915	18.5774	21.24235	98.321	67.59665	NaN	102.98345	84.1208	NaN
ENST00000496824	7.755675	21.4238	37.39315	83.79825	NaN	28.25875	54.12065	18.67475	21.37735	100.3666	68.44765	NaN	104.4824	85.2991	NaN
ENST00000381188	7.61298	21.48625	37.3335	83.92065	NaN	28.05925	53.7002	18.2786	21.05225	99.7258	67.96625	NaN	104.1004	85.19095	NaN
ENST00000534847	7.497335	21.444	36.7174	83.8462	NaN	27.76795	52.71755	18.1292	20.91725	98.5526	67.021	NaN	102.96815	85.15485	NaN
ENST00000397956	3.208665	9.64815	8.64399	13.63375	NaN	6.174075	6.00443	9.749255	5.61721	19.05885	12.80805	NaN	8.382225	19.93925	NaN
ENST00000325223	3.208665	9.64815	8.64399	13.63375	NaN	6.174075	5.97728	9.749255	5.61721	19.05885	12.80805	NaN	8.382225	19.93925	NaN
ENST00000291592	0.1156451	0.0489733	1.184875	14.01615	NaN	0.02849695	1.095221	0.344024	0.0636335	0	0.3081702	NaN	1.111895	1.260882	NaN
ENST00000471776	0.1156451	0.0489733	1.271275	14.1171	NaN	0.02849695	1.095221	0.3961065	0.10320495	0	0.3333947	NaN	1.088015	1.260882	NaN
ENST00000354333	0.159943	0	0.1131385	0.462018	NaN	0.12035735	0	4.61625	0	0.03126025	0.0306997	NaN	0	0.0767685	NaN
ENST00000465978	0.159943	0	0.1131385	0.408981	NaN	0.12035735	0	4.61625	0	0	0.0306997	NaN	0	0.0767685	NaN
ENST00000496395	22.20465	17.98295	35.57295	7.490855	NaN	31.01555	15.80915	45.03705	18.5532	11.0313	18.07585	NaN	16.8908	21.649535	NaN
ENST00000490450	87.2584	95.1415	92.74275	17.1748	NaN	93.37005	57.05975	164.057	89.10915	53.25215	65.0265	NaN	61.40595	68.30005	NaN
ENST00000330942	98.9639	114.3875	103.85945	19.52265	NaN	110.354	67.51335	188.7815	105.52295	63.932	80.40035	NaN	69.73785	82.45235	NaN
ENST00000477954	101.702	119.685	107.0036	20.9104	NaN	115.3145	71.9657	195.7365	110.348	68.5282	85.41835	NaN	73.63615	86.20715	NaN
ENST00000497664	102.689	122.6965	107.53025	20.9206	NaN	116.319	72.8669	198.524	113.1625	69.4059	86.7781	NaN	74.3118	87.79055	NaN
ENST00000497630	101.3995	121.856	104.07015	20.30455	NaN	114.6525	71.9316	195.6715	112.4325	68.80245	85.76815	NaN	73.15345	86.49905	NaN
ENST00000397898	3.270215	5.059215	4.47107	7.894435	NaN	9.3731	6.282905	4.390095	8.759895	5.796825	5.70115	NaN	9.026595	27.5209	NaN
ENST00000411651	3.420355	5.648765	4.30445	7.926055	NaN	8.577885	6.789795	4.786205	10.01387	6.257825	6.55429	NaN	9.946185	28.80275	NaN
ENST00000332859	2.18511	4.30929	2.42324	4.19659	NaN	4.83071	5.2228	3.43066	7.42758	5.223825	5.441275	NaN	6.44647	21.641	NaN
ENST00000480234	93.09475	249.3395	202.2435	2126.565	NaN	187.3355	334.271	364.4375	295.981	75.42135	323.103	NaN	979.2575	419.48	NaN
ENST00000445724	94.5884	251.233	200.2555	2134.265	NaN	186.8475	337.62	365.394	298.1715	75.1218	321.508	NaN	963.5485	421.019	NaN
ENST00000397887	94.19715	245.327	195.358	2107.64	NaN	181.3125	333.7065	360.208	292.2605	73.4262	309.0255	NaN	900.0725	413.7055	NaN
ENST00000423073	19.7318	53.01385	51.71335	249.001	NaN	46.042	86.10825	68.11305	71.1582	24.1789	91.1656	NaN	224.787	106.47965	NaN
ENST00000522931	0	0	0	38.91215	NaN	0	0	0	0	0.452305	0.050449	NaN	0	0	NaN
ENST00000397854	0	0	0.02982585	0.024817	NaN	0.03486635	0	0	0	162.3405	0	NaN	0	0	NaN
ENST00000545414	0	0	0.0596515	0.099268	NaN	0.488129	0	0	0	233.6	0	NaN	0	0	NaN
ENST00000397846	0	0	0.3157555	0.3987733	NaN	1.9045805	0	0	0	372.846	0	NaN	0	0	NaN
ENST00000524251	0	0	0.342499	0.45181	NaN	1.9679425	0	0	0	376.2875	0	NaN	0	0	NaN
ENST00000521987	0	0	0.4854635	0.6289315	NaN	2.35449	0	0	0	359.1615	0	NaN	0	0	NaN
ENST00000522688	0	0	0.4556375	0.6289315	NaN	2.35449	0	0	0	347.506	0	NaN	0	0	NaN
ENST00000302347	0	0	0	0.0513353	NaN	0	0	0	0	3.21754	0	NaN	0	0	NaN
ENST00000441379	0	0	0	0	NaN	0	0	0	0	7.78329	0	NaN	0	0	NaN
ENST00000355153	0	0	0	0	NaN	0	0.4807325	2.26562	0	0.2682895	0	NaN	0.0967965	0.539723	NaN
ENST00000330551	0.585675	0	0.4998785	0.332829	NaN	0.6557605	1.64944	0.9073535	0.5237805	0.805674	1.858605	NaN	0.725974	2.999865	NaN
ENST00000380070	1.66098	0.4493595	1.52638	0.844481	NaN	1.542519	3.683215	3.18807	1.80877	1.083469	4.07035	NaN	2.367085	6.759295	NaN
ENST00000291634	27.80975	20.5509	90.4019	88.3264	NaN	85.8415	93.3019	19.91645	23.16885	132.7505	102.42415	NaN	87.99795	97.4551	NaN
ENST00000397826	27.99675	20.5509	90.63125	88.37945	NaN	85.87	93.46185	19.96855	23.33565	132.988	102.77075	NaN	88.09535	97.5782	NaN
ENST00000458015	28.04105	20.5509	90.73515	88.7867	NaN	85.99675	93.5675	19.96855	23.407	133.104	103.23765	NaN	88.3826	97.5527	NaN
ENST00000462214	0.5241275	0.2871109	2.682425	1.253465	NaN	7.70687	0.906169	0.187776	0.6114765	0.2370295	6.606495	NaN	0.6291775	1.612175	NaN
ENST00000327861	0.3912335	0.771986	2.679345	1.93543	NaN	2.286785	3.83715	0.9279055	1.6823	6.47036	12.8706	NaN	10.860505	3.80358	NaN
ENST00000539917	0.3912335	0.8564745	2.76266	2.011585	NaN	2.286785	4.021225	0.9279055	1.825075	6.671775	14.7337	NaN	11.465805	3.967585	NaN
ENST00000437626	0.3912335	0.807501	2.096155	1.91402	NaN	2.030315	3.863305	0.733279	1.825075	6.134395	14.5034	NaN	11.15782	3.78264	NaN
ENST00000468360	3.29726	15.65395	13.9101	23.9817	NaN	6.389975	11.051615	17.9963	19.32935	5.785705	5.704475	NaN	32.61165	8.82968	NaN
ENST00000493811	3.154565	13.5204	12.5596	23.72845	NaN	6.08892	10.277215	16.49815	17.0201	5.606845	5.04218	NaN	26.87235	7.05346	NaN
ENST00000476653	3.154565	13.5204	12.5596	23.72845	NaN	6.08892	10.277215	16.49815	17.0201	5.606845	5.04218	NaN	26.87235	7.05346	NaN
ENST00000493524	3.110265	13.5204	12.50615	23.78145	NaN	6.08892	10.172615	16.35565	16.95645	5.579935	5.01148	NaN	26.6794	7.05346	NaN
ENST00000349485	3.110265	13.5204	12.50615	23.78145	NaN	6.08892	10.172615	16.35565	16.95645	5.579935	5.01148	NaN	26.6555	7.05346	NaN
ENST00000454115	7.1359	13.74395	7.702785	9.51675	NaN	5.55318	4.183615	40.17565	15.7971	1.31099	5.80518	NaN	9.985235	21.804	NaN
ENST00000400362	7.1359	13.74395	7.732615	9.49023	NaN	5.55318	4.183615	40.3319	15.8049	1.31099	5.80518	NaN	10.033615	21.84005	NaN
ENST00000400337	7.118255	23.79585	14.35115	26.67185	NaN	2.06886	7.73256	10.322165	19.0555	0.0269094	0	NaN	28.6653	26.92195	NaN
ENST00000400347	7.615335	25.7432	14.88395	27.1818	NaN	2.167095	7.78786	10.74981	19.52425	0.0269094	0	NaN	29.8966	28.5027	NaN
ENST00000355480	0	0.4340309	0	0.0530365	NaN	0	0.02615395	0.0520825	2.6197	0	0	NaN	0	0.1128281	NaN
ENST00000359759	0	0.4340309	0	0.0530365	NaN	0	0.02615395	0.0520825	2.6197	0	0	NaN	0	0.1128281	NaN
ENST00000539645	0	0.4340309	0	0.0530365	NaN	0	0.02615395	0.0520825	2.6197	0	0	NaN	0	0.1128281	NaN
ENST00000427839	1.66333	0.351413	0.655172	1.73179	NaN	2.86711	0.57738	1.34869	0.737945	1.79021	5.86658	NaN	0.7001925	3.189465	NaN
ENST00000380014	4.01073	2.00679	10.709235	26.8901	NaN	7.063855	5.130905	3.104465	3.38866	8.38045	21.42115	NaN	17.6669	27.0591	NaN
ENST00000380010	3.939385	1.91557	9.884325	25.9994	NaN	6.81677	4.841215	3.007145	3.07905	7.919445	20.8729	NaN	16.70465	25.91575	NaN
ENST00000465077	0.2042415	0.3091685	1.434815	0	NaN	0.056994	0.1599125	2.49178	0.793824	0.5148255	0.0306997	NaN	0.0490313	1.096872	NaN
ENST00000472191	0.2042415	0.3091685	1.494465	0	NaN	0.056994	0.1599125	2.49178	0.793824	0.5148255	0	NaN	0.0490313	1.1689915	NaN
ENST00000361866	1.395195	274.8905	47.6534	4.400525	NaN	0.0633633	5.820845	30.3456	477.95	0	0.162298	NaN	13.6078	2.42639	NaN
ENST00000538397	1.350895	277.227	47.82315	4.400525	NaN	0.0633633	5.820845	30.3524	483.5455	0.0269094	0.162298	NaN	13.5833	2.46245	NaN
ENST00000546256	1.350895	277.227	47.82315	4.400525	NaN	0.0633633	5.820845	30.3524	483.5455	0.0269094	0.162298	NaN	13.5833	2.46245	NaN
ENST00000300527	0.4257315	93.5903	7.72427	0.1822255	NaN	0.0633633	0	25.90745	154.4005	0	0	NaN	0.4098025	1.337647	NaN
ENST00000357838	0.585675	234.258	11.78185	0.2318595	NaN	0.09186035	0.0543	39.1628	408.2525	0	0	NaN	0.458834	1.92738	NaN
ENST00000436769	0	3.08607	0.0267436	0	NaN	0	0	0.226156	3.85577	0	0	NaN	0	0	NaN
ENST00000460886	0	1.199288	0.1995345	0	NaN	0	0	0.233007	2.628255	0	0	NaN	0	0	NaN
ENST00000413758	0	1.0321795	0.3332525	0	NaN	0	0.02615395	0.30564415	2.87344	0	0	NaN	0	0.02558955	NaN
ENST00000494498	0	0	2.36359	0.0778535	NaN	0	0	0.04523115	0	0	0	NaN	0	0	NaN
ENST00000460011	0	0	3.00335	0.024817	NaN	0	0	0.04523115	0	0	0	NaN	0	0	NaN
ENST00000397743	0	0	0	31.8	NaN	0	0	0	0	0	0	NaN	0	0	NaN
ENST00000291672	0.0442981	16.885	155.6615	29.82175	NaN	366.2805	27.0944	14.09545	6.485615	43.2352	21.7825	NaN	48.25575	26.83815	NaN
ENST00000330205	0.0442981	16.6113	151.318	29.5137	NaN	356.693	26.75045	14.0434	6.41423	43.0338	21.50835	NaN	46.92705	26.46355	NaN
ENST00000540403	0.071347	0.7230125	2.39958	1.423775	NaN	0.2598225	4.68802	0.1946275	0.95211	1.069615	0.4759435	NaN	2.3005	2.29262	NaN
ENST00000464357	1.786425	9.55094	20.4689	22.75705	NaN	15.8864	65.3675	4.16394	18.0746	20.0856	13.4113	NaN	35.2268	40.36595	NaN
ENST00000450351	1.90207	9.55767	20.87105	23.03855	NaN	16.07015	65.4208	4.37227	18.2251	20.33215	13.4727	NaN	35.61275	40.62185	NaN
ENST00000472272	1.990665	9.55767	21.07985	23.52025	NaN	16.4091	65.52645	4.514815	18.36015	20.6855	13.4727	NaN	35.7334	40.7859	NaN
ENST00000522411	2.15061	9.55767	21.42235	23.7025	NaN	16.77015	65.63205	5.039765	18.46335	21.044	13.55385	NaN	36.33805	40.96505	NaN
ENST00000397728	1.1196045	4.124985	11.66975	12.931	NaN	9.91621	26.9268	3.45121	7.402715	9.47537	5.247105	NaN	16.55815	18.5958	NaN
ENST00000457828	1.1196045	3.942545	10.923	11.02548	NaN	9.656365	24.54605	3.45121	7.124915	8.66534	4.87206	NaN	14.9158	16.49745	NaN
ENST00000414659	5.01234	2.126795	9.41111	2.92441	NaN	13.16315	2.022565	13.92	3.324235	2.12537	7.729485	NaN	1.648075	11.50168	NaN
ENST00000432735	5.01234	2.126795	9.41111	2.92441	NaN	13.16315	2.022565	13.92	3.25284	2.12537	7.729485	NaN	1.648075	11.50168	NaN
ENST00000444998	5.083685	2.126795	9.762855	2.95093	NaN	13.26135	1.995415	13.92	3.181455	2.15663	7.877505	NaN	1.648075	11.40399	NaN
ENST00000455567	5.083685	2.08455	9.92948	2.97575	NaN	13.23285	1.995415	13.9652	3.11007	2.15663	7.877505	NaN	1.648075	11.40399	NaN
ENST00000421927	5.083685	2.08455	9.87289	2.97575	NaN	13.23285	1.995415	13.92	3.11007	2.15663	7.785405	NaN	1.648075	11.3784	NaN
ENST00000397708	1.41244	2.38026	2.97552	5.009445	NaN	2.895275	1.3336	3.951485	4.2175	3.717375	2.70197	NaN	2.95356	4.60037	NaN
ENST00000397701	13.50895	11.59773	11.0557	3.455775	NaN	3.750845	6.79452	14.60255	13.0935	6.965365	9.898605	NaN	5.05667	6.87329	NaN
ENST00000339195	14.2914	11.7869	12.85355	4.25573	NaN	3.814205	6.92728	16.56255	13.8306	7.38126	11.242945	NaN	5.6123	7.73404	NaN
ENST00000397691	2.214505	0.505062	3.41366	0.462018	NaN	0.395938	0.588337	2.07512	1.47509	0.881247	1.129438	NaN	0.5110305	0.601372	NaN
ENST00000397680	0.9522115	1.26845	11.6544	1.80184	NaN	6.937125	0.78462	1.3281335	0.5866155	7.14503	16.8481	NaN	8.77369	12.227325	NaN
ENST00000397682	0.9522115	1.2262055	10.74925	1.676055	NaN	6.639415	0.706155	1.276051	0.5866155	6.979225	15.69225	NaN	7.78562	11.575965	NaN
ENST00000359568	9.525225	12.69236	7.376605	1.692365	NaN	16.2723	4.8828	7.67136	6.294715	8.962175	24.95825	NaN	8.093905	15.475195	NaN
ENST00000490468	11.6857	13.5911	7.14416	1.718885	NaN	17.59965	5.01656	7.72344	6.556205	9.275565	26.1008	NaN	8.19007	21.92045	NaN
ENST00000337772	11.81855	13.5911	7.090675	1.718885	NaN	17.7136	5.017555	7.67136	6.627595	9.271205	26.35735	NaN	8.2391	22.29035	NaN
ENST00000427143	0.693871	0.4493595	0.9503495	1.5982	NaN	1.4221575	1.697765	1.226698	1.650485	0.872545	1.5703755	NaN	1.44878	2.1088815	NaN
ENST00000318711	0.622524	0.478146	0.923606	1.46731	NaN	1.457024	1.778215	1.382948	1.73818	0.849987	1.3773815	NaN	1.3765	2.2275315	NaN
ENST00000457905	0.622524	0.478146	0.923606	1.46731	NaN	1.457024	1.778215	1.382948	1.73818	0.849987	1.3773815	NaN	1.3765	2.2275315	NaN
ENST00000466639	0.605275	1.510325	1.1200555	1.927625	NaN	1.599509	2.82412	2.310855	2.110635	1.132135	1.505655	NaN	1.86428	3.394215	NaN
ENST00000435722	0.4355315	2.871865	0.5327865	0.826471	NaN	0.3168165	4.00976	2.256045	1.650485	0.429746	1.423335	NaN	2.12636	3.65593	NaN
ENST00000397638	160.8305	245.8945	86.81165	14.9675	NaN	124.6255	159.0355	309.332	236.8485	76.4849	43.18355	NaN	143.4275	135.7624	NaN
ENST00000458387	499.7465	960.8665	422.1695	72.4021	NaN	614.6615	586.295	1234.355	1030.2165	382.036	299.8905	NaN	737.223	478.7375	NaN
ENST00000397637	516.0745	1005.41	427.6125	74.74045	NaN	625.912	620.39	1253.095	1055.648	385.4445	316.991	NaN	759.508	497.1635	NaN
ENST00000334494	517.834	1008.698	428.268	75.2871	NaN	628.7735	624.508	1254.17	1058.047	385.8605	318.873	NaN	761.058	499.6795	NaN
ENST00000397628	520.1075	1011.3175	425.695	76.7245	NaN	628.701	623.036	1250.64	1056.401	384.486	322.1105	NaN	759.7795	497.0395	NaN
ENST00000440086	519.967	1011.445	426.6075	77.8556	NaN	633.8555	623.533	1247.875	1053.096	384.245	329.8955	NaN	760.5485	495.726	NaN
